{
	"t1": "Lokaliteter",
	"t2": "",

	"sections": [
		{
			"title": "",
			"subsections": [
				{
					"title": "",
					"text": "",
					"img": "https://res.cloudinary.com/greenwind/image/upload/v1560321702/map-dk_kx6g0i.svg",
					"legend": "https://res.cloudinary.com/greenwind/image/upload/v1560321700/Legende-map_DK_wgm46n.svg"
				}
			]
		}
	],

	"t7": "",
	"t8": "",
	"t9": "",
	"t10": "",
	"t11": "",
	"t12": "",
	"t13": "",
	"t14": "",
	"t15": "",
	"t16": "",
	"t17": "",
	"t18": "",
	"t19": "",
	"t20": "",
	"t21": "",
	"t22": "",
	"t23": "",
	"t24": "",
	"t25": "",
	"t26": "",
	"t27": "",
	"t28": "",
	"t29": "",
	"t30": "",
	"t31": "",
	"t32": ""
}
