{
	"t1": "Our team\nOne for all. All for you!",
	"t2": "There are many good reasons for deciding in favour of Green Wind’s project development. Each member of our team is a good reason. And all together, we are more than the sum of individuals.",

	"team": [
		{
			"name": "Martin Kühl",
			"job": "Managing Director",
			"bio": "involved in the wind power business since 1995 and is fascinated by the power of the wind.",
			"img": "http://res.cloudinary.com/greenwind/image/upload/v1505140168/Martin_Kuehl_250_ffdbrw.jpg"

		},
		{
			"name": "Manuel Lasse",
			"job": "Managing Director",
			"bio": "with an eye for the big picture and a view of the future.",
			"img": "http://res.cloudinary.com/greenwind/image/upload/v1505141767/Manu_Lasse_250_nvxkgv.jpg"

		},
		{
			"name": "Franziska Göbel",
			"job": "Project Development",
			"bio": "with perseverance and creativity for successful approval.",
			"img": "http://res.cloudinary.com/greenwind/image/upload/v1505140168/Franziska_Goebel_250_ny5ifm.jpg"

		},
		{
			"name": "Christian Kandora",
			"job": "Project Development",
			"bio": "with the experience and dedication to optimise wind farm layouts.",
			"img": "http://res.cloudinary.com/greenwind/image/upload/v1505140168/Christian_Kandora_250_vrjajm.jpg"

		},
    {
			"name": "Sophie Kolb",
			"job": "Project Development",
			"bio": "always curious and totally committed to environmentally friendly energy.",
			"img": "http://res.cloudinary.com/greenwind/image/upload/v1505140170/Sophie_Kolb_250_qoyc5w.jpg"

		},
		{
			"name": "Dietmar Mahler",
			"job": "Local Development",
			"bio": "in personal contact with the people on-site.",
			"img": "http://res.cloudinary.com/greenwind/image/upload/v1505140168/Dietmar_Mahler_250_ndqaze.jpg"

		},
    {
      "name": "Ulrich Mertens",
      "job": "Local Development",
      "bio": "so that the objectives of the energy transition are achieved.",
      "img": "http://res.cloudinary.com/greenwind/image/upload/v1505140169/Ulrich_Mertens_250_cn82ak.jpg"

    },
		{
			"name": "Bernd Müller",
			"job": "Local Development",
			"bio": "with enthusiasm and commitment to the  interests of land owners.",
			"img": "http://res.cloudinary.com/greenwind/image/upload/v1505140169/Bernd_Mueller_250_mn6n8i.jpg"

		},
    {
      "name": "Ulf von Rahden",
      "job": "Local Development",
      "bio": "transformation with wind and energy.",
      "img": "http://res.cloudinary.com/greenwind/image/upload/v1505140169/Ulf_von_Rahden_250_w3sb4g.jpg"

    },
		{
			"name": "Jasmin Eichner",
			"job": "Accounting",
			"bio": "with a fresh outlook and the right attitude.",
			"img": "http://res.cloudinary.com/greenwind/image/upload/v1505140169/Jasmin_Horstkoetterr_250_dyfxl5.jpg"

		},
    {
      "name": "Anne Pfannes",
      "job": "Commercial Management",
      "bio": "with a meticulous sense for figures and new ideas.",
      "img": "http://res.cloudinary.com/greenwind/image/upload/v1505140168/Anne_Pfannes_250_j8xlvt.jpg"

    },
		{
			"name": "Michael Witschas",
			"job": "Accounting",
			"bio": "for a future worth living.",
			"img": "https://res.cloudinary.com/greenwind/image/upload/v1534747973/Michael_Witschas_250_nzyget.jpg"

		},
		{
			"name": "Iris Gärtner",
			"job": "Office Management",
			"bio": "for efficiency – at work and in energy use.",
			"img": "https://res.cloudinary.com/greenwind/image/upload/v1534747944/Iris_Gaertner_250_nsv0hd.jpg"

		}
	]
}
