{

	"t0": "Services",
	"t0n": "Green Wind Offshore ist a specialist in maintenance management and monitoring  of technical installations. Find out more about:\n\n• Control centre 24/7\n• Planning\n• Management\n• Logistics",


	"t1": "Control Centre 24/7",
	"t2": "Monitoring – effective and coordinated.",
	"t2b": "The entire project management of major offshore projects is mapped 24/7 in our control centre.",
	"sections0": [
		{
			"title": "Control centres close-by",
			"p": "The main control centre and heart of operations is in Berlin. From here we employ local control centres close to the project sites, for example, for the maintenance management of the grid connexion system DolWin 3. No matter what – waste or sewage disposal, spare parts supply, or technical support line (TSL) – here our experts document, systemise, monitor, and control all plant operations and plant conditions."
		},
		{
			"title": "24/7 monitoring",
			"p": "... enables optimal guiding of all operating teams and their activities. Through existing storage logistics, they can be provided with all the necessary tools and spare parts. All core processes are monitored and coordinated centrally – 24 hours a day, seven days a week. Effective and safe."
		}
	],




  "section_sept_2018": {
    "h1": "greenwind control. 24/7 Control Center",
    "h2": "independent_intelligent_inspired",
    "sections": [
      {
        "small": "Independent.",
        "title": "The Control Center",
        "p": "greenwind control represents the nerve center of our 24/7 monitoring of equipment used to generate and distribute electric power and the factors influencing its operation, such as sea state and wind/weather conditions. Furthermore, all events are recorded, faults are dealt with, and planned maintenance/repair work coordinated. We specialise – both onshore and offshore – in wind power plants, substations, cable systems and offshore platforms, such as in the maintenance management of the grid connection system DolWin3.\n Certified in accordance with ISO 9001, with preparation underway for ISO 14001, ISO 55000, and ISO 27001"
      },
      {
        "small": "Intelligent.",
        "title": "The System",
        "p": "Our customers benefit from our manpower and our intelligent systems, without having to bear the investment costs. We integrate stand-alone systems to make your life easier – something that we call “control center sharing.” Operations managers and independent service providers use our technology and personnel, for example, 24/7, allowing them to offer their customers efficient, around-the-clock monitoring. We facilitate a variety of usage models and meet the very highest safety standards, thus putting the full range of greenwind control services at our customers’ disposal."
      },
      {
        "small": "Inspired.",
        "title": "Control Center Operators",
        "p": "We bring ideas to life, whether training control center operators, providing independent advice to investors, or managing structural development and workforce expansion in the field of monitoring systems for major energy suppliers. We have a close network, which provides inspiration and opens up new possibilities in terms of both technical and commercial management. Intelligent technology is one side of the equation. The expertise, ingenuity, and dedication of our team are the other. This plays an especially crucial role in the area of personal 24/7 monitoring."

      }
    ],
    "columns": [
      {
        "title": "Technical Specifications",
        "list": [
          "Staffed 24/7 by expert personnel who are specialized in electrical engineering and mechanics to  guarantee a direct and competent technical support line at all times",
          "Tried-and-true industrial technology and software used to monitor networks and generation equipment — reliable and proven",
          "Visual diversity thanks to a big screen and workplace monitors, as well as separate optic and acoustic alarm systems (fault warnings)",
          "Connection to remote control systems by means of various interfaces (e.g. database protocols, IEC 104 standards, OPC standards)",
          "Dedicated development unit that is able to incorporate projects in a customized manner and implement customer requests in close consultation (software-based development environment available)"
        ]
      },
      {
        "title": "Safety first",
        "list": [
          "All data stored on servers in Germany, regular backups on separate and secured local storage media",
          "Switch operations and the creation of switching instructions possible (extended access rights)",
          "The Green Wind system can be disconnected at any time to enable unimpeded monitoring by the customer’s own systems (prioritization, bandwidth restrictions)",
          "Regular training and awareness programs for Green Wind control center operators (and partner organizations); modified control system to monitor compliance with safety standards",
          "Ongoing implementation of safety standards (internal and external, e.g. BSI white paper, critical infrastructure legislation, German Data Protection Act), selection of external suppliers with IT security management systems",
          "Secure buildings and individual rooms"
        ]
      }
    ]
  },



	"t3": "",
	"t4": "Planning",
	"t5": "Thinking – new concepts.",
	"t6": "The starting point of our technical management is the guiding principles: maximise operating time and minimise costs!\n\nMaintenance and technical management will be largely responsible for the economic success of wind farm projects in the future.\n\nOur sophisticated concept starts with a meticulous preparation phase. In coordination with customers, shipyards, designers and engineers we create planning security.",
	"sections1": [
		{
			"title": "Anticipation and systemisation",
			"p": "Our strengths include flexible and proactive thinking, precision in the planning process, an overview of the campaigns and structures, one hundred percent documentation of materials and procedures, a systematic support of maintenance procedures using software (CMMS)."
		},
		{
			"title": "For every large-scale offshore project",
			"p": "Green Wind Offshore’s newly designed maintenance concept for offshore wind farms, platforms, onshore and submarine cables, substations and switchgears can be assigned to any large-scale project in the North Sea and Baltic Sea as well as on the coasts of England and France."
		}
	],

	"t9": "Management",
	"t10": "",
	"sections2": [
		{
			"title": "Taking action – fast and direct.",
			"p": "What we do is determined by short response times: the goal is to avoid downtime and to increase efficiency.\n\nThe use of the latest technology serves the maximum availability of installations as well as highest safety-standards for man and installation. Certified offshore-training is mandatory for our employees. High motivation and commitment increase quality. Also important are: flat hierarchies, quick decision processes, a willingness to cooperate, and a focus on partnership. Large-scale projects offshore do not need lone warriors but first-rateteam players."
		},
		{
			"title": "At sea and onshore",
			"p": "Our range of competencies covers the organisation and coordination of every possible calculable maintenance procedure, unscheduled repair work and fault calls, and additional maintenance tasks onshore and at sea."
		},
		{
			"title": "Control centres and logistics bases",
			"p": "Thanks to our control centres, logistics bases, flexible action forces, and strong partners, Green Wind Offshore is capable of including and expanding more HVDCs, platforms, substations, and wind farms offshore into existing maintenance structures. We integrate stand-alone systems, thus making life easier for our customers."
		},
		{
			"title": "Management systems",
			"p": "Our main goals in the context of quality management are a structured inner organisation, and a cooperative and successful collaboration with customers and suppliers. This includes meeting deadlines and costs. But also IT-security, occupational safety, and health protection are continuously monitored. We work continuously on all systems, such as",
			"list": [
				"Quality management system (QMS) according to ISO 9001",
				"IT-security management system according to ISO 27001",
				"Environmental management system (UMS) according to ISO 14001",
				"Asset management system according to ISO 55001",
				"Occupational safety management system and HSE, inter alia, integrated in ISO 9001 (QMS), 14001 (UMS), and OHSAS ISO 18001",
				"Energy management system according to ISO 50001"
			]
		}
	],

	"t11": "Logistics",
	"t12": "",
	"sections3": [
		{
			"title": "Organisation – flexible and precise.",
			"p": "For optimised workflow and  high availability, logistics and spare part supply have to be on time in technical management."
		},
		{
			"title": "Coastal sites",
			"p": "Just one missing screw at sea can cause unnecessary effort. To keep the spare part supply, provision and disposal of consumables and working materials in line, we install and administer coastal sites including spare part storage – with manpower and CMMS. The safe transportation and placement of materials and people is also one of our tasks as well as transportation from storage sites to transhipment ports and onshore substations."
		},
		{
			"title": "Preventively and correctively",
			"p": "Every large scale project comes with unique requirements and we react very flexibly to them. Preventive and corrective maintenance campaigns require a pinpoint assignment of technicians at sea and onshore."
		}
	]
}
