{
	"t1": "Our team\nFull power ahead!",
	"t2": "There are many good reasons to decide in favour of Green Wind Offshore´s technical management. Every member of our team is a good reason. And all together, we are more than the sum of individuals. Our motto: Full power ahead!",

	"team": [
		{
			"name": "Manuel Lasse",
			"job": "Managing Director",
			"bio": "has been in the business since 2006 with full power ahead.",
			"img": "http://res.cloudinary.com/greenwind/image/upload/v1505142196/Manu_Lasse_250_wmmhuo.jpg"

		},
		{
			"name": "Peter-Heinrich Boysen",
			"job": "Head of technical management",
			"bio": "purposeful by sea and onshore.",
			"img": "http://res.cloudinary.com/greenwind/image/upload/v1505142196/Peter_Heinrich_Boysen_250_k7xei3.jpg"

		},
		{
			"name": "Andreas Texheimer",
			"job": "Head of QM/HSE",
			"bio": "with accuracy and a focus on safety first.",
			"img": "http://res.cloudinary.com/greenwind/image/upload/v1524735803/andreas_texheimer_250_hauqen.jpg"

		},
		{
			"name": "Rico Kaatz",
			"job": "Project engineer CMMS",
			"bio": "always renewably out and about.",
			"img": "http://res.cloudinary.com/greenwind/image/upload/v1505142196/Rico_Kaatz_250_jxgxfh.jpg"

		},
		{
			"name": "Fabio da Fonseca Bola",
			"job": "Project engineer CMMS",
			"bio": "using the latest wind energy knowledge straight from university.",
			"img": "http://res.cloudinary.com/greenwind/image/upload/v1505142196/Fabio_da_Fonseca_Bola_250_cy5eo9.jpg"
		},
		{
			"name": "Sebastian Borst",
			"job": "Team assistant",
			"bio": "bursting with energy for the renewables.",
			"img": "http://res.cloudinary.com/greenwind/image/upload/v1510680014/Sebastian_Borst_250_xbkxtj.jpg"
		},
		{
			"name": "Emanuel Fätke",
			"job": "Technical management assistant",
			"bio": "with offshore-expertise and wing-knowledge.",
			"img": "http://res.cloudinary.com/greenwind/image/upload/v1510680014/Emanuel_Faetke_250_ws36ge.jpg"

		}
	]
}
