{

	"t0": "Services",
	"t0n": "Green Wind Offshore ist a specialist in maintenance management and monitoring  of technical installations. Find out more about:\n\n• Control centre 24/7\n• Planning\n• Management\n• Logistics",


	"t1": "Control Centre 24/7",
	"t2": "Monitoring – effective and coordinated.",
	"t2b": "The entire project management of major offshore projects is mapped 24/7 in our control centre.",
	"sections0": [
		{
			"title": "Control centres close-by",
			"p": "The main control centre and heart of operations is in Berlin. From here we employ local control centres close to the project sites, for example, for the maintenance management of the grid connexion system DolWin 3. No matter what – waste or sewage disposal, spare parts supply, or technical support line (TSL) – here our experts document, systemise, monitor, and control all plant operations and plant conditions."
		},
		{
			"title": "24/7 monitoring",
			"p": "... enables optimal guiding of all operating teams and their activities. Through existing storage logistics, they can be provided with all the necessary tools and spare parts. All core processes are monitored and coordinated centrally – 24 hours a day, seven days a week. Effective and safe."
		}
	],


	"t3": "",
	"t4": "Planning",
	"t5": "Thinking – new concepts.",
	"t6": "The starting point of our technical management is the guiding principles: maximise operating time and minimise costs!\n\nMaintenance and technical management will be largely responsible for the economic success of wind farm projects in the future.\n\nOur sophisticated concept starts with a meticulous preparation phase. In coordination with customers, shipyards, designers and engineers we create planning security.",
	"sections1": [
		{
			"title": "Anticipation and systemisation",
			"p": "Our strengths include flexible and proactive thinking, precision in the planning process, an overview of the campaigns and structures, one hundred percent documentation of materials and procedures, a systematic support of maintenance procedures using software (CMMS)."
		},
		{
			"title": "For every large-scale offshore project",
			"p": "Green Wind Offshore’s newly designed maintenance concept for offshore wind farms, platforms, onshore and submarine cables, substations and switchgears can be assigned to any large-scale project in the North Sea and Baltic Sea as well as on the coasts of England and France."
		}
	],

	"t9": "Management",
	"t10": "",
	"sections2": [
		{
			"title": "Taking action – fast and direct.",
			"p": "What we do is determined by short response times: the goal is to avoid downtime and to increase efficiency.\n\nThe use of the latest technology serves the maximum availability of installations as well as highest safety-standards for man and installation. Certified offshore-training is mandatory for our employees. High motivation and commitment increase quality. Also important are: flat hierarchies, quick decision processes, a willingness to cooperate, and a focus on partnership. Large-scale projects offshore do not need lone warriors but first-rateteam players."
		},
		{
			"title": "At sea and onshore",
			"p": "Our range of competencies covers the organisation and coordination of every possible calculable maintenance procedure, unscheduled repair work and fault calls, and additional maintenance tasks onshore and at sea."
		},
		{
			"title": "Control centres and logistics bases",
			"p": "Thanks to our control centres, logistics bases, flexible action forces, and strong partners, Green Wind Offshore is capable of including and expanding more HVDCs, platforms, substations, and wind farms offshore into existing maintenance structures. We integrate stand-alone systems, thus making life easier for our customers."
		},
		{
			"title": "Management systems",
			"p": "Our main goals in the context of quality management are a structured inner organisation, and a cooperative and successful collaboration with customers and suppliers. This includes meeting deadlines and costs. But also IT-security, occupational safety, and health protection are continuously monitored. We work continuously on all systems, such as",
			"list": [
				"Quality management system (QMS) according to ISO 9001",
				"IT-security management system according to ISO 27001",
				"Environmental management system (UMS) according to ISO 14001",
				"Asset management system according to ISO 55001",
				"Occupational safety management system and HSE, inter alia, integrated in ISO 9001 (QMS), 14001 (UMS), and OHSAS ISO 18001",
				"Energy management system according to ISO 50001"
			]
		}
	],

	"t11": "Logistics",
	"t12": "",
	"sections3": [
		{
			"title": "Organisation – flexible and precise.",
			"p": "For optimised workflow and  high availability, logistics and spare part supply have to be on time in technical management."
		},
		{
			"title": "Coastal sites",
			"p": "Just one missing screw at sea can cause unnecessary effort. To keep the spare part supply, provision and disposal of consumables and working materials in line, we install and administer coastal sites including spare part storage – with manpower and CMMS. The safe transportation and placement of materials and people is also one of our tasks as well as transportation from storage sites to transhipment ports and onshore substations."
		},
		{
			"title": "Preventively and correctively",
			"p": "Every large scale project comes with unique requirements and we react very flexibly to them. Preventive and corrective maintenance campaigns require a pinpoint assignment of technicians at sea and onshore."
		}
	]
}
