{

	"t0": "Leistungen",
	"t0n": "Green Wind Offshore ist Spezialist für Instandhaltungsmanagement und Überwachung technischer Anlagen. Erfahren Sie mehr über\n\n• Leitwarte 24/7\n• Planung\n• Management\n• Logistik",

	"t1": "Leitwarte 24/7",
	"t2": "Effektiv und koordiniert überwachen.",
	"t2b": "Das gesamte Projektmanagement von Offshore-Großprojekten wird im Wesentlichen in unseren Leitstellen 24/7 abgebildet.",
	"sections0": [
		{
			"title": "Leitstellen nah dran",
			"p": "Hauptleitwarte und Herz ist Berlin. Von hier aus setzen wir in unmittelbarer Nähe zu den Standorten der Projekte Leitstellen ein, wie z. B. beim Instandhaltungsmanagement des Netzanschlusssystems DolWin3. Ob Abfall- und Abwasserentsorgung, Ersatzteilversorgung und -management oder Technical Support Line (TSL) – hier dokumentieren, systematisieren, überwachen und kontrollieren unsere Experten den gesamten Anlagenbetrieb und -zustand."
		},
		{
			"title": "24/7 Überwachung",
			"p": "Alle Einsatzteams und deren Aktivitäten können so optimal gesteuert und über die vorhandene Lagerlogistik mit den benötigten Ersatzteilen und den entsprechenden Werkzeugen versorgt werden. Alle Kernprozesse werden zentral überwacht und koordiniert – 24 Stunden am Tag, sieben Tage die Woche. Effektiv und sicher."
		}
	],


	"t3": "",
	"t4": "Planung",
	"t5": "Neue Konzepte denken.",
	"t6": "Ausgangspunkt unseres technischen Managements ist der Leitsatz: Betriebszeit maximieren und Kosten reduzieren.\n\nInstandhaltungsmanagement und technische Betriebsführung haben künftig einen großen Anteil am wirtschaftlichen Erfolg von Offshore-Windparkprojekten.\n\nUnser ausgeklügeltes Konzept beginnt mit einer akribischen Vorbereitungsphase. In Abstimmung mit Auftraggebern, Werften, Konstrukteuren und Ingenieuren schaffen wir Planungssicherheit.",
	"sections1": [
		{
			"title": "Vorausschauen und Systematisieren",
			"p": "Zu unseren Stärken gehören eine flexible und vorausschauende Denke, Genauigkeit in der Planung, Übersicht in Kampagnen und Strukturen, 100-prozentige Dokumentation von Materialien und Vorgängen, systematische Unterstützung von Instandhaltungsabläufen durch Software-Einsatz (CMMS)."
		},
		{
			"title": "Für alle Offshore-Großprojekte",
			"p": "Das von Green Wind Offshore neu entwickelte Instandhaltungskonzept für Windenergieanlagen, Plattformen, Kabel zu Land und zu Wasser, Umspannwerke und Schaltanlagen kann auf Großprojekte in Nord- und Ostsee wie auch an den Küsten Englands und Frankreichs übertragen werden."
		}
	],

	"t9": "Management",
	"t10": "",
	"sections2": [
		{
			"title": "Schnell und direkt handeln.",
			"p": "Unser Handeln ist bestimmt von kurzen Reaktionszeiten und dem Ziel, Stillstand zu vermeiden und die Effektivität zu erhöhen.\n\nDer Einsatz neuester Technik dient der maximalen Verfügbarkeit von Anlagen sowie höchsten Sicherheitsstandards für Mensch und Anlage. Eine zertifizierte Offshore-Ausbildung unserer Mitarbeiter ist selbstverständlich. Hohe Motivation und Leistungsbereitschaft potenziert Qualität. Dazu zählen auch: flache Hierarchien und schnelle Entscheidungsprozesse sowie Kooperationsbereitschaft und partnerschaftliches Handeln. Denn Offshore-Großprojekte brauchen keine Einzelkämpfer, sondern erstklassige Teamplayer."
		},
		{
			"title": "Zu Land und zu Wasser",
			"p": "Zu unserem Spektrum zählt die Organisation und Koordinierung sämtlicher planbarer Instandhaltungsmaßnahmen, unplanmäßiger Instandsetzungsarbeiten und Störeinsätze sowie zusätzlicher Instandhaltungsmaßnahmen zu Land und zu Wasser."
		},
		{
			"title": "Leitstellen und Logistikbasen",
			"p": "Dank unserer Leitstellen, unserer Logistikbasen, der flexiblen Einsatzkräfte und leistungsstarken Partner hat Green Wind Offshore die Möglichkeit, weitere HGÜ Plattformen, Offshore Umspannwerke und Offshore-Windenergieanlagen in vorhandene Instandhaltungs-Strukturen einzubinden und ggfs. zu erweitern. Wir integrieren Einzelsysteme und entlasten damit unsere Kunden."
		},
		{
			"title": "Managementsysteme",
			"p": "Unsere wichtigsten Ziele im Bereich Qualitätsmanagement sind eine strukturierte innere Organisation sowie eine kooperative und erfolgreiche Zusammenarbeit mit Kunden und Lieferanten. Dazu gehört ebenfalls die Einhaltung der Termine und Kosten. Aber auch die Bereiche Sicherheit, Arbeitsschutz und Umwelt unterliegen der kontinuierlichen Kontrolle. Wir arbeiten kontinuierlich an allen Systemen, wie",
			"list": [
				"Qualitätsmanagementsystem (QMS) nach ISO 9001",
				"IT-Sicherheitsmanagementsystem nach ISO 27001",
				"Umweltmanagementsystem (UMS) nach ISO 14001",
				"Asset-Managementsystem nach ISO 55001",
				"Arbeitsschutzmanagementsystem und HSE u. a. integriert in der 9001 (QMS) und 14001 (UMS) sowie OHSAS ISO 18001",
				"Energiemanagementsystem nach ISO 50001"
			]
		}
	],

	"t11": "Logistik",
	"t12": "",
	"sections3": [
		{
			"title": "Flexibel und punktgenau organisieren.",
			"p": "Für hohe Verfügbarkeiten und optimierte Arbeitsabläufe müssen Logistik und Ersatzteilversorgung im technischen Management zu jeder Zeit stimmen."
		},
		{
			"title": "Küstennahe Standorte",
			"p": "Auf dem Wasser kann schon eine fehlende Schraube unnötigen Aufwand bedeuten. Damit das Ersatzteilmanagement sowie die Ver- und Entsorgung von Verbrauchs- und Betriebsstoffen ohne Verzug gelingt, installieren und verwalten wir küstennahe Standorte inklusive Ersatzteillager – mit Manpower und per CMMS. Die sichere Offshore-Beförderung von Materialien und Personen und deren Unterbringung gehören ebenso zu unseren Aufgaben wie Transporte von Lagerstandorten zu Umschlaghäfen und landseitigen Umspannwerken."
		},
		{
			"title": "Präventiv und korrektiv",
			"p": "Jedes Großprojekt hat seine besonderen Anforderungen, auf die wir flexibel eingehen. Präventive und korrektive Instandhaltungskampagnen erfordern den punktgenauen Einsatz von Technikern zu Wasser und zu Land."
		}
	]
}
