{
	"t1": "Vores team\nFuld kraft frem!",
	"t2": "Der er mange gode grunde til at vælge Greenwind til opgaver inden for teknisk styring. Hver eneste medarbejder i vores team er faktisk en god grund i sig selv. Og i samlet flok er vi meget mere end summen af den enkelte. Vores motto: Fuld kraft frem!",

	"team": [
		{
			"name": "Manuel Lasse",
			"job": "Administrerende direktør",
			"bio": "har arbejdet med vindenergi for fuld kraft siden 2006",
			"img": "http://res.cloudinary.com/greenwind/image/upload/v1505142196/Manu_Lasse_250_wmmhuo.jpg"

		},
		{
			"name": "Peter-Heinrich Boysen",
			"job": "Teknisk ledelse",
			"bio": "målrettet indsats både til lands og til vands",
			"img": "http://res.cloudinary.com/greenwind/image/upload/v1505142196/Peter_Heinrich_Boysen_250_k7xei3.jpg"

		},
		{
			"name": "Andreas Texheimer",
			"job": "Ledelse for kvalitetsstyring, sundhed, sikkerhed og miljø",
			"bio": "sans for detaljen og fokus på safety first",
			"img": "http://res.cloudinary.com/greenwind/image/upload/v1524735803/andreas_texheimer_250_hauqen.jpg"

		},
		{
			"name": "Rico Kaatz",
			"job": "Projektudvikling",
			"bio": "altid bæredygtigt på farten",
			"img": "http://res.cloudinary.com/greenwind/image/upload/v1505142196/Rico_Kaatz_250_jxgxfh.jpg"

		},
		{
			"name": "Fabio da Fonseca Bola",
			"job": "Projektudvikling",
			"bio": "nyeste viden inden for vind, direkte fra universitetet",
			"img": "http://res.cloudinary.com/greenwind/image/upload/v1505142196/Fabio_da_Fonseca_Bola_250_cy5eo9.jpg"
		},
    {
			"name": "Enrico Berger",
			"job": "Teknisk driftsledelse/control center",
			"bio": "Bevarer overblikket over de elektriske parametre",
			"img": "https://res.cloudinary.com/greenwind/image/upload/v1534747872/Enrico_Berg_250_bqttrr.jpg"
		},
		{
			"name": "Jens Neumann",
			"job": "Teknisk driftsledelse/control center",
			"bio": "100 procent til fremtidig orienteret energiproduktion.",
			"img": "https://res.cloudinary.com/greenwind/image/upload/v1534747902/Jens_Neumann_250_xwovic.jpg"
		},
		{
			"name": "Sebastian Borst",
			"job": "Team-support",
			"bio": "fuldt engageret i den grønne omstilling",
			"img": "https://res.cloudinary.com/greenwind/image/upload/v1534747800/Sebastian_Borst_250_pcgvhu.jpg"
		},
		{
			"name": "Emanuel Fätke",
			"job": "Salg & logistik",
			"bio": "hav-erfaring og wing-knowhow",
			"img": "https://res.cloudinary.com/greenwind/image/upload/v1534747834/Emanuel_Faetke_250_wl00bu.jpg"
		},
		{
			"name": "Anne Pfannes",
			"job": "Økonomisk og kommerciel ledelse",
			"bio": "sans for detaljen, regnskaber og nye ideer",
			"img": "http://res.cloudinary.com/greenwind/image/upload/v1505140168/Anne_Pfannes_250_j8xlvt.jpg"
		},
		{
			"name": "Martin Kühl",
			"job": "Forretningsudvikling",
			"bio": "har arbejdet med vindenergi siden 1995 og er fascineret af vindens kraft",
			"img": "http://res.cloudinary.com/greenwind/image/upload/v1505140168/Martin_Kuehl_250_ffdbrw.jpg"

		}
	]
}
