{
	"t1": "Our team\nFull power ahead!",
	"t2": "There are many good reasons to decide in favour of Green Wind Offshore´s technical management. Every member of our team is a good reason. And all together, we are more than the sum of individuals. Our motto: Full power ahead!",

	"team": [
		{
			"name": "Manuel Lasse",
			"job": "Managing Director",
			"bio": "has been in the wind power business since 2006.",
			"img": "http://res.cloudinary.com/greenwind/image/upload/v1505142196/Manu_Lasse_250_wmmhuo.jpg"

		},
		{
			"name": "Peter-Heinrich Boysen",
			"job": "Head of Technical Management",
			"bio": "purposeful at sea and onshore.",
			"img": "http://res.cloudinary.com/greenwind/image/upload/v1505142196/Peter_Heinrich_Boysen_250_k7xei3.jpg"

		},
		{
			"name": "Andreas Texheimer",
			"job": "Head of QM/HSE",
			"bio": "with accuracy and a focus on safety first.",
			"img": "http://res.cloudinary.com/greenwind/image/upload/v1524735803/andreas_texheimer_250_hauqen.jpg"

		},
		{
			"name": "Rico Kaatz",
			"job": "Project Management",
			"bio": "always on the renewable path.",
			"img": "http://res.cloudinary.com/greenwind/image/upload/v1505142196/Rico_Kaatz_250_jxgxfh.jpg"

		},
		{
			"name": "Fabio da Fonseca Bola",
			"job": "Project Management",
			"bio": "using the latest wind energy knowledge straight from university.",
			"img": "http://res.cloudinary.com/greenwind/image/upload/v1505142196/Fabio_da_Fonseca_Bola_250_cy5eo9.jpg"
		},
    {
			"name": "Enrico Berger",
			"job": "Technical Management/Control Center",
			"bio": "keeping on top of electrical parameters",
			"img": "https://res.cloudinary.com/greenwind/image/upload/v1534747872/Enrico_Berg_250_bqttrr.jpg"
		},
		{
			"name": "Jens Neumann",
			"job": "Technical Management/Control Center",
			"bio": "100 percent for a future-oriented energy production.",
			"img": "https://res.cloudinary.com/greenwind/image/upload/v1534747902/Jens_Neumann_250_xwovic.jpg"
		},
		{
			"name": "Sebastian Borst",
			"job": "Team Assistance",
			"bio": "bursting with energy for renewables.",
			"img": "https://res.cloudinary.com/greenwind/image/upload/v1534747800/Sebastian_Borst_250_pcgvhu.jpg"
		},
		{
			"name": "Emanuel Fätke",
			"job": "Sales & Logistics",
			"bio": "with offshore-expertise and wing-knowledge.",
			"img": "https://res.cloudinary.com/greenwind/image/upload/v1534747834/Emanuel_Faetke_250_wl00bu.jpg"
		},
		{
			"name": "Anne Pfannes",
			"job": "Commercial Management",
			"bio": "with a meticulous sense for figures and new ideas.",
			"img": "http://res.cloudinary.com/greenwind/image/upload/v1505140168/Anne_Pfannes_250_j8xlvt.jpg"
		},
		{
			"name": "Martin Kühl",
			"job": "Business Development",
			"bio": "involved in the wind power business since 1995 and is fascinated by the power of the wind.",
			"img": "http://res.cloudinary.com/greenwind/image/upload/v1505140168/Martin_Kuehl_250_ffdbrw.jpg"

		}
	]
	}
