{
	"t1": "Lokaliteter",
	"t2": "",

	"sections": [
		{
			"title": "",
			"subsections": [
				{
					"title": "Green Wind-regionalafdeling",
					"text": "Teknisk driftsledelse på lokaliteten Groß Pankow. Fra Green Wind-regionsafdelingen overvåges i alt ca. 180 megawatt i Prignitz, bl.a. Green Wind-repowering-projektet Windpark Vormark/Prignitz.",
					"img": "https://res.cloudinary.com/greenwind/image/upload/v1505155131/GW_Karte_2017_xxkyhz.svg"
				}
			]
		}
	],

	"t7": "",
	"t8": "",
	"t9": "",
	"t10": "",
	"t11": "",
	"t12": "",
	"t13": "",
	"t14": "",
	"t15": "",
	"t16": "",
	"t17": "",
	"t18": "",
	"t19": "",
	"t20": "",
	"t21": "",
	"t22": "",
	"t23": "",
	"t24": "",
	"t25": "",
	"t26": "",
	"t27": "",
	"t28": "",
	"t29": "",
	"t30": "",
	"t31": "",
	"t32": ""
}
