{
	"t1": "Vores team\nFuld kraft frem!",
	"t2": "Der er mange gode grunde til at vælge Greenwind til opgaver inden for teknisk styring. Hver eneste medarbejder i vores team er faktisk en god grund i sig selv. Og i samlet flok er vi meget mere end summen af den enkelte. Vores motto: Fuld kraft frem!",

	"team": [
		{
			"name": "Manuel Lasse",
			"job": "administrerende direktør",
			"bio": "har arbejdet med vindenergi for fuld kraft siden 2006",
			"img": "http://res.cloudinary.com/greenwind/image/upload/v1505142196/Manu_Lasse_250_wmmhuo.jpg"

		},
		{
			"name": "Peter-Heinrich Boysen",
			"job": "Teknisk direktør",
			"bio": "målrettet indsats både til lands og til vands",
			"img": "http://res.cloudinary.com/greenwind/image/upload/v1505142196/Peter_Heinrich_Boysen_250_k7xei3.jpg"

		},
		{
			"name": "Andreas Texheimer",
			"job": "Kvalitetschef",
			"bio": "sans for detaljen og fokus på safety first",
			"img": "http://res.cloudinary.com/greenwind/image/upload/v1524735803/andreas_texheimer_250_hauqen.jpg"

		},
		{
			"name": "Rico Kaatz",
			"job": "Projektingeniør CMMS",
			"bio": "altid bæredygtigt på farten",
			"img": "http://res.cloudinary.com/greenwind/image/upload/v1505142196/Rico_Kaatz_250_jxgxfh.jpg"

		},
		{
			"name": "Fabio da Fonseca Bola",
			"job": "Projektingeniør CMMS",
			"bio": "nyeste viden inden for vind, direkte fra universitetet",
			"img": "http://res.cloudinary.com/greenwind/image/upload/v1505142196/Fabio_da_Fonseca_Bola_250_cy5eo9.jpg"
		},
		{
			"name": "Sebastian Borst",
			"job": "Team-assistent",
			"bio": "fuldt engageret i den grønne omstilling",
			"img": "http://res.cloudinary.com/greenwind/image/upload/v1510680014/Sebastian_Borst_250_xbkxtj.jpg"
		},
		{
			"name": "Emanuel Fätke",
			"job": "Assistent teknisk driftsledelse",
			"bio": "hav-erfaring og wing-knowhow",
			"img": "http://res.cloudinary.com/greenwind/image/upload/v1510680014/Emanuel_Faetke_250_ws36ge.jpg"
		},
		{
			"name": "Enrico Berger",
			"job": "Technical Manager/kontrolcenter",
			"bio": "Bevarer overblikket over de elektriske parametre",
			"img": "https://res.cloudinary.com/greenwind/image/upload/v1530006279/Enrico_Berger_250_dpusez.jpg"
		}
	]
}
