{

  "t0": "Serviceydelser",
  "t0n": "Green Wind Offshore er specialist inden for vedligeholdelsesstyring og overvågning af tekniske anlæg, herunder:\n\n• Kontrolcenter 24/7\n• Planlægning\n• Styring\n• Logistik\n",
  


  "t1": "Kontrolcenter 24/7",
  "t2": "Effektiv og koordineret overvågning.",
  "t2b": "Hele projektledelsen for offshore storskalaprojekter er i overvejende grad repræsenteret i vores kontrolcentre 24/7.",
  "sections0": [
    {
      "title": "Kontrolcentre tæt på",
      "p": "Hovedkontrolcentret ligger i Berlin. Herfra indsætter vi kontrolcentre i umiddelbar nærhed af de lokale projekter, som f.eks. ved vedligeholdelsesstyringen af nettilslutningssystemet DolWin3. Vores eksperter dokumenterer, systematiserer, overvåger og kontrollerer anlægsdriften og -tilstanden i sin helhed, uanset om det drejer sig om bortskaffelse af affald og spildevand, reservedelsforsyning og -styring eller Technical Support Line (TSL)."
    },
    {
      "title": "Overvågning døgnet rundt",
      "p": "På den måde kan alle indsatsgrupper og ansvarsområder styres optimalt og forsynes med de nødvendige reservedele og relevante værktøjer via den eksisterende lagerlogistik. Alle de vigtigste processer overvåges og koordineres centralt – 24 timer i døgnet, syv dage om ugen. Effektivt og sikkert."
    }
  ],


  "t3": "",
  "t4": "Planlægning",
  "t5": "Udtænkning af nye koncepter.",
  "t6": "Vores tekniske styring er baseret på devisen: maksimering af driftstiden og minimering af omkostninger.\n\nVedligeholdelsesstyring og teknisk driftsledelse får stor betydning for offshore-havmølleparkers økonomiske succes i fremtiden.\n\nVores sofistikerede koncept omfatter en omhyggelig forberedelsesfase. I koordination med ordregiverne, værfter, konstruktører og ingeniører skaber vi planlægningssikkerhed.",
  "sections1": [
    {
      "title": "Fremsynet og systematisk",
      "p": "Vores styrker omfatter bl.a. vores fleksible og fremadskuende tankegang, store planlægningspræcision, overblik over aktuelle kampagner og strukturer, fuldstændige dokumentation af materialer og processer samt systematiske støtte i forbindelse med vedligeholdelsesprocesser via software (CMMS)."
    },
    {
      "title": "Egnet til alle offshore storskalaprojekter",
      "p": "Green Wind Offshores nyudviklede vedligeholdelseskoncept til vindenergianlæg, platforme, kabler til lands og til vands, transformerstationer og fordelingsanlæg kan overføres til storskalaprojekter i både Nord- og Østersøen og langs de engelske og franske kyster."
    }
  ],

  "t9": "Management",
  "t10": "",
  "sections2": [
    {
      "title": "Hurtig og direkte ageren",
      "p": "Vi agerer hurtigt og har korte reaktionstider. Vores målsætning er at undgå stilstand og samtidig øge effektiviteten.\n\nVed at bruge den nyeste teknik opnår vi maksimal anlægstilgængelighed og højeste sikkerhedsstandarder for både personale og anlæg. Vores medarbejdere har selvsagt alle en certificeret offshore-uddannelse. Medarbejdernes høje motivation og store engagement øger kvaliteten. Hertil kommer desuden flade hierarkier og hurtige beslutningsprocesser samt stor samarbejdsvillighed og fokus på partnerskab. Offshore storskalaprojekter har ikke brug for individualister, men for topmotiverede og kompetente teamplayers."
    },
    {
      "title": "Til lands og til vands",
      "p": "Vores servicespektrum omfatter tillige organisering og koordinering af alle former for faste vedligeholdelsesforanstaltninger, ikke-planlagte vedligeholdelsesopgaver og fejlafhjælpning samt yderligere vedligeholdelsesforanstaltninger til lands og til vands."
    },
    {
      "title": "Kontrolcentre og logistikbaser",
      "p": "Takket være vores kontrolcentre, logistikbaser, fleksible personale og effektive partnere har Green Wind Offshore muligheden for at integrere yderligere HVDC-platforme, offshore-transformerstationer og offshore-vindenergianlæg i eksisterende vedligeholdelsesstrukturer og evt. udvide dem. Vi integrerer enkeltsystemer og aflaster dermed vores kunder."
    },
    {
      "title": "Managementsystemer",
      "p": "Vores vigtigste mål inden for kvalitetsstyring er en struktureret intern organisation samt et kooperativt og vellykket samarbejde med kunder og leverandører. Dette omfatter ligeledes overholdelse af tidsfrister og budgetter. Områderne sikkerhed, arbejdsbeskyttelse og miljø er ligeledes underlagt kontinuerlig kontrol. Vi arbejder løbende på en optimering af alle systemer, herunder",
      "list": [
        "Kvalitetsstyringssystem (QMS) iht. ISO 9001",
        "IT-sikkerhedsstyringssystem iht. ISO 27001",
        "Miljøstyringssystem (UMS) iht. ISO 14001",
        "Asset-styringssystem iht. ISO 55001",
        "Arbejdsbeskyttelsesstyringssystem og HSE osv. integreret i 9001 (QMS) og 14001 (UMS) samt OHSAS ISO 18001",
        "Energistyringssystem iht. ISO 50001"
      ]
    }
  ],

  "t11": "Logistik",
  "t12": "",
  "sections3": [
    {
      "title": "Fleksibel og præcis organisering.",
      "p": "Høj tilgængelighed og optimerede arbejdsprocesser kræver en velorganiseret logistikafdeling og reservedelsforsyning."
    },
    {
      "title": "Kystnære placeringer",
      "p": "På havet kan bare en enkelt manglende skrue udløse stort besvær og tidsspilde. Afdelingen for reservedelsstyring skal kunne varetage forsyning og bortskaffelse af forbrugs- og driftsstoffer så hurtigt som muligt, og derfor installerer og administrerer vi kystnære kontrolafdelinger inklusive bemandede reservedelslager og med CMMS. Den sikre offshore-transport af materialer og personer samt indkvartering hører ligeledes med til vores opgaver, det samme gælder transport fra lagerdepoterne til omskibningshavne og transformerstationer på land."
    },
    {
      "title": "Forebyggende og korrigerende",
      "p": "Alle storskalaprojekter har deres egne særlige krav, og her reagerer vi altid fleksibelt. Forebyggende og korrigerende vedligeholdelsestiltag kræver en præcis indsats fra teknikere til lands og til vands."
    }
  ]
}
