{
	"t1": "Med vindens kraft",
	"t2": "... udvikles vores samfund. Hos Green Wind Energy bidrager vi til at forme og sikre en bæredygtig fremtid til glæde for alle. Jeg er fascineret af vindens kraft!",
	"t3": "Martin Kühl",
	"t4": "Administrerende direktør\nsHar arbejdet med vindenergi siden 1995",

	"t5": "Green Wind Energy",
	"t6": "... er en vindenergivirksomhed med hovedsæde i Berlin-Mitte og projekter i hele Tyskland. Vi opererer selvstændigt og uafhængigt. Vi støtter projektudvikling af vindenergianlæg til private og offentlige operatører af vindparker fra start til slut. Vi har fokus på samarbejde og partnerskab og har i mange år været fast forankret i vindenergien.",

	"b1": "Serviceydelser",

	"t7": "Nyeste viden om vind",
	"t8": "Hos Green Wind Energy kombinerer vi nyeste viden om vind med mangeårig erfaring. Vi elsker udfordringer næsten lige så meget som vi elsker synet af rotorer, der drejer ubesværet rundt.",

	"b2": "Netværk",

	"t9": "Når kun det bedste er godt nok",
	"t10": "Vi hævder ikke, at vi er bedre end alle andre. Men én ting kan vi godt garantere: vi maksimerer til hver en tid udbyttet af maskiner, teknologier, kontrakter, lovgivning og ikke mindst vores egen indsats – til glæde for vores kunder. Vores team råder over kapaciteterne og kompetencerne til planlægning og udførelse af vindprojekter hele vejen igennem, lige fra arealudvælgelse til finansiering, produktion og ibrugtagning. Samtidig garanterer vi skræddersyede løsninger og planlægningssikkerhed. Dette omfatter også repowering, det vil sige fornyelsen af gamle anlæg.",

	"b3": "Team",

	"t11": "",
	"t12": "",
	"t13": "",
	"t14": "",
	"t15": "",
	"t16": "",
	"t17": "",
	"t18": "",
	"t19": ""
}
