{
  "t1": "Vores team\nEn for alle. Alle for dig!",
  "t2": "Der er mange gode grunde til at vælge Greenwind, når det gælder økonomisk og teknisk driftsledelse. Hvert medlem af vores team er en god grund. Og samlet er vi mere end summen af de enkelte medarbejdere.",

  "team": [
    {
      "name": "Erling Salling Olesen",
      "job": "Stifter og ejer",
      "bio": "",
      "img": "https://res.cloudinary.com/greenwind/image/upload/v1560320193/Erling_Salling_Olesen_250_n0waem.jpg"
    },
    {
      "name": "Torben Post",
      "job": "Servicechef",
      "bio": "",
      "img": "https://res.cloudinary.com/greenwind/image/upload/v1560320193/Torben_Post_250_jagvhs.jpg"
    },
    {
      "name": "Bente Meinke Eriksen",
      "job": "Administrativ leder",
      "bio": "",
      "img": "https://res.cloudinary.com/greenwind/image/upload/v1560320193/Bente_Meinke_Eriksen__250_hexafp.jpg"
    },
    {
      "name": "Andrea Thomsen",
      "job": "Bogholder",
      "bio": "",
      "img": "https://res.cloudinary.com/greenwind/image/upload/v1557755811/Andrea_Thomsen_250_rn7g3l.jpg"
    },
    {
      "name": "Manuel Lasse",
      "job": "Administrerende direktør",
      "bio": "har studeret miljøteknologi og vedvarende energi samt arbejdet med vindenergi siden 2006",
      "img": "https://res.cloudinary.com/greenwind/image/upload/v1505141767/Manu_Lasse_250_nvxkgv.jpg"

    },
    {
      "name": "Andreas Texheimer",
      "job": "Ledelse for kvalitetsstyring, sundhed, sikkerhed og miljø",
      "bio": "sans for detaljen og fokus på safety first",
      "img": "https://res.cloudinary.com/greenwind/image/upload/v1524735803/andreas_texheimer_250_hauqen.jpg"
    },
    {
      "name": "Anne Pfannes",
      "job": "Økonomisk og kommerciel ledelse",
      "bio": "sans for detaljen, regnskaber og nye ideer",
      "img": "https://res.cloudinary.com/greenwind/image/upload/v1505141768/Anne_Pfannes_250_woqu6v.jpg"
    },
    {
      "name": "Katharina Haupt",
      "job": "Stedf. Økonomisk og kommerciel ledelse",
      "bio": "holder øje med finanserne for stærke vindenergi løsninger",
      "img": "https://res.cloudinary.com/greenwind/image/upload/v1547647730/Katharina_Haupt_250_rua9rk.jpg"
    },
    {
      "name": "Franziska Brüll",
      "job": "Teknisk ledelse",
      "bio": "helheden i fokus",
      "img": "https://res.cloudinary.com/greenwind/image/upload/v1547647729/Franziska_Bruell_250_vry7u6.jpg"

    },
    {
      "name": "Maximilian Horn",
      "job": "Asset & Construction Management",
      "bio": "lever og ånder for vedvarende energi",
      "img": "https://res.cloudinary.com/greenwind/image/upload/v1547647730/Maximilian_Horn_250_m8uzuc.jpg"
    },
    {
      "name": "Emanuel Fätke",
      "job": "Salg & logistik",
      "bio": "hav-erfaring og wing-knowhow",
      "img": "https://res.cloudinary.com/greenwind/image/upload/v1534747834/Emanuel_Faetke_250_wl00bu.jpg"
    },
    {
      "name": "Robert Kadereit",
      "job": "Teknisk driftsledelse",
      "bio": "rykke hurtigt ud",
      "img": "https://res.cloudinary.com/greenwind/image/upload/v1505141769/Robert_Kadereit_250_n1shkm.jpg"

    },
    {
      "name": "Philipp Grytz",
      "job": "Teknisk driftsledelse",
      "bio": "altid på forkant med den tekniske udvikling",
      "img": "https://res.cloudinary.com/greenwind/image/upload/v1505141768/Philipp_Grytz_250_feghaw.jpg"

    },
    {
      "name": "Michael Walther-Schwartz",
      "job": "Teknisk driftsledelse",
      "bio": "klar til enhver udfordring",
      "img": "https://res.cloudinary.com/greenwind/image/upload/v1505141768/Michael_Witschas_250_mmlrqh.jpg"
    },
    {
      "name": "Sandra Zanzig",
      "job": "Support teknisk driftsledelse",
      "bio": "fuld (vind)energi fremad",
      "img": "https://res.cloudinary.com/greenwind/image/upload/v1534747741/Sandra_Zanzig_250_i0rhiw.jpg"

    }
  ]
}
