{
	"t1": "Mit der Kraft des Windes",
	"t2": "... entwickelt sich unsere Gesellschaft. Wir bei Green Wind Energy tragen zur Gestaltung und Sicherung unser aller Zukunft bei. Ich bin fasziniert von der Kraft des Windes!",
	"t3": "Martin Kühl",
	"t4": "Geschäftsführung\nseit 1995 in Sachen Windenergie unterwegs",

	"t5": "Green Wind Energy",
	"t6": "... ist ein Unternehmen der Windenergie mit Sitz in Berlin-Mitte und Projekten in ganz Deutschland. Wir agieren selbständig und unabhängig. Wir geben volle Unterstützung in der Projektentwicklung von Windenergieanlagen für private und institutionelle Windparkbetreiber. Wir arbeiten teamorientiert und partnerschaftlich und sind seit vielen Jahren fest verankert in der Windenergie.",

	"b1": "Leistungen",

	"t7": "Frisches Windwissen",
	"t8": "Bei Green Wind Energy paart sich frisches Windwissen mit gereifter Erfahrung. Die Überzeugung, jede Hürde zu nehmen, verbindet sich mit Begeisterung, wenn sich die Rotoren reibungslos drehen.",

	"b2": "Referenzen",

	"t9": "Das Beste für Sie",
	"t10": "Wir behaupten nicht, dass wir alles besser können. Aber wir sagen, dass wir das Allerbeste für unsere Kunden herausholen - aus Maschinen, Technologien, Verträgen, Gesetzen und aus uns. Unser Team verfügt über die Kapazitäten und Kompetenzen, ein Windprojekt von der Flächenidentifizierung über die Finanzierung bis hin zum Bau und der Inbetriebnahme zu betreuen und maßgeschneiderte Lösungen sowie Planungssicherheit zu garantieren. Dabei gehört auch das Repowering, die Erneuerung alter Anlagen, zu unseren Aufgaben.",

	"b3": "Team",

	"t11": "",
	"t12": "",
	"t13": "",
	"t14": "",
	"t15": "",
	"t16": "",
	"t17": "",
	"t18": "",
	"t19": ""
}
