{


  "t0": "Serviceydelser",
  "t0n": "Green Wind Operations understøtter alle aspekter af driftsledelsen.\nLæs mere om\n\n• Kontrolcenter 24/7\n• Teknisk driftsledelse\n• Finansiel driftsledelse\n• Repowering vs. optimering",


  "t1": "Kontrolcenter 24/7",
  "t2": "Alle vigtige processer inden for den tekniske driftsledelse af vindenergianlæg og transformerstationer er repræsenteret i vores kontrolcentre 24/7. Hovedkontrolcentret ligger i Berlin. Vores eksperter dokumenterer, systematiserer, overvåger og kontrollerer anlægsdriften og -tilstanden i sin helhed. På den måde kan vores indsatsgrupper og disse ansvarsområder styres optimalt, ligesom de effektivt kan være til stede hvor der er brug for det. Alle de vigtigste processer overvåges og koordineres centralt – 24 timer i døgnet, syv dage om ugen.\n\nEffektivt og sikkert.",


  "t3": "",
  "t4": "Teknisk driftsledelse",
  "t5": "",
  "t6": "",
  "sections1": [
    {
      "title": "Løbende kontrol",
      "p": "Vi besigtiger regelmæssigt anlæggene - lige fra kabiner til maskinhuse - og kontrollerer og dokumenterer minutiøst, om kontrolintervaller og vedligeholdelsesopgaver overholdes. Dertil hører den halvårlige inspektion af hele vindenergianlægget. Vores kunder er altid fuldt informeret om alle processer, dette takket være kundens egen webadgang, individuel udarbejdelse af rapporter og personlig rapportering."
    },
    {
      "title": "Præcionsarbejde",
      "p": "Det er kun muligt at opnå optimale resultater ved sagkyndigt og kompetent at sammenholde resultatet af det tekniske arbejde lokalt på stedet med dataanalyser, ekspertudtalelser og besigtigelser, indhentede tilbud samt detaljerede objektundersøgelser. Først da kan den tekniske driftsledelse for alvor bevise sit værd. Derfor koordinerer og samarbejder Green Wind Operations med eksterne driftsledere i hele Tyskland og i nabolandene, skaber ensartede strukturer og samler alle informationsstrømme."
    },
    {
      "title": "Overvågning døgnet rundt",
      "p": "Til dataovervågningen bruger vi det kendte program ROTORSOFT fra firmaet Drehpunkt samt softwaren WIS fra firmaet Softenergy, dvs.:\n\n• 24 timers live-overvågning af vindenergianlæggene\n• Software-baseret grænseflade til den økonomiske driftsledelse\n• ideelle betingelser til handel med elektricitet\n\nDen individuelle udarbejdelse af rapporter er tilpasset din portefølje med måneds- og årsrapporter. Derudover udarbejder vi økonomiske driftsledelsesrapporter."
    },
    {
      "title": "Overvågning af eksterne serviceydere",
      "p": "Tillid er godt, men kontrol er endnu bedre! Vi kontrollerer de eksterne serviceyderes arbejde løbende, ligesom vi gennemgår de kontraktmæssige aftaler og afregninger. Vi organiserer og gennemfører supplerende bestemmelser i henhold til ”BiMSchG”, den tyske lov om beskyttelse mod emissioner."
    }
  ],

  "t9": "Økonomisk driftsledelse",
  "t10": "Hos Green Wind forstår vi økonomisk driftsledelse som et redskab til at garantere det bedst mulige afkast ved at udelukke alle forstyrrende faktorer og unødvendige omkostninger og sikre et effektivt cashflow. Vi kan allerede på forhånd kontrollere de eksisterende kontrakter i hele porteføljen og ud fra dette komme med forslag til en fornuftig kontraktstruktur, f.eks. vedrørende optimering af vedligeholdelseskontrakter.",
  "sections2": [
    {
      "title": "100 % faktabaseret",
      "p": "Selve kernen i økonomisk driftsledelse er et klippefast bogholderi, hertil kommer naturligvis pålidelige betalingstransaktioner. Herudover optimerer vores økonomiansvarlige den regnskabsmæssige proces, der herefter fremstår skræddersyet til driften af de enkelte anlæg og tilpasset de specifikke finansieringsstrukturer og de skattemæssige faktorer. Vores medarbejdere beregner den bedste anlægs-effektivitet og sikrer en gnidningsfri afregning samt fordeling af energiindtægterne."
    },
    {
      "title": "Procesplanlægning- og styring",
      "p": "Vores procesplanlægning- og styring tager udgangspunkt i nyeste viden om vind, både inden for likviditets- og budgetplanlægning, afregning af driftsforstyrrelser i netsupporten, direkte distribution, commercial due diligence osv. Det hele sker i løbende kontakt med kunden."
    }
  ],

  "t11": "Repowering eller optimering",
  "t12": "Den teknologiske udvikling inden for vindenergianlæg har i de seneste år gjort enorme fremskridt - både hvad angår effektivitet, bæredygtighed og mulige opstillingssteder. Vores driftsledere kender anlæggene indgående og rådgiver dig om mulige driftsoptimeringer og repowering-tiltag.",
  "sections3": [
    {
      "title": "Forlængelse af løbetiden med 20 år",
      "p": "Mange vindprojekter med mere end ti år på bagen kan med fordel opgraderes ved hjælp af repowering – det vil sige udskiftningen af ældre og mindre anlæg med nyere modeller. Løbetiden for et eksisterende projekt kan dermed forlænges med yderligere 20 år og effektiviteten øges med det tre- til femdobbelte. Med disse fakta in mente kan en investering hurtigt tjene sig ind."
    },
    {
      "title": "Kan repowering betale sig?",
      "p": "Vi starter altid processen med at kortlægge, hvorvidt repowering rent faktisk kan betale sig i det givne tilfælde. Først når alle oplysninger ligger på bordet skal operatøren beslutte sig."
    },
    {
      "title": "Projektering med partner",
      "p": "Vores partnervirksomhed Green Wind Energy GmbH hjælper med at gennemføre de ønskede repowering-tiltag - lige fra forundersøgelser og godkendelsesprocedurer til levering af det driftsklare anlæg. Sammen med forskellige partnere har Green Wind Energy i flere år udviklet vindparker i regionen og ledet processer inden for repowering. Hvis det ønskes, kan Green Wind Operations GmbH til slut overtage den tekniske og økonomiske driftsledelse, selvfølgelig absolut gnidningsfrit og i den sædvanlige kvalitet."
    }
  ]
}
