{
	"t1": "Vores team\nFuld kraft frem!",
	"t2": "Der er mange gode grunde til at beslutte sig for Green Wind Offshore, når det drejer sig om teknisk styring. Hvert medlem af vores team er en god grund. Og samlet er vi mere end summen af de enkelte medarbejdere. Vores motto: Fuld kraft frem!",

	"team": [
		{
			"name": "Manuel Lasse",
			"job": "administrerende direktør",
			"bio": "Har arbejdet for fuld kraft med vindenergi siden 2006.",
			"img": "http://res.cloudinary.com/greenwind/image/upload/v1505142196/Manu_Lasse_250_wmmhuo.jpg"

		},
		{
			"name": "Peter-Heinrich Boysen",
			"job": "Teknisk direktør",
			"bio": "Målbevidst både til lands og til vands.",
			"img": "http://res.cloudinary.com/greenwind/image/upload/v1505142196/Peter_Heinrich_Boysen_250_k7xei3.jpg"

		},
		{
			"name": "Andreas Texheimer",
			"job": "Kvalitetschef",
			"bio": "med nøjagtighed og fokus på safety first.",
			"img": "http://res.cloudinary.com/greenwind/image/upload/v1524735803/andreas_texheimer_250_hauqen.jpg"

		},
		{
			"name": "Rico Kaatz",
			"job": "Projektingeniør CMMS",
			"bio": "vedvarende på farten.",
			"img": "http://res.cloudinary.com/greenwind/image/upload/v1505142196/Rico_Kaatz_250_jxgxfh.jpg"

		},
		{
			"name": "Fabio da Fonseca Bola",
			"job": "Projektingeniør CMMS",
			"bio": "Ny viden om vind direkte fra universitetet.",
			"img": "http://res.cloudinary.com/greenwind/image/upload/v1505142196/Fabio_da_Fonseca_Bola_250_cy5eo9.jpg"
		},
		{
			"name": "Sebastian Borst",
			"job": "Team-assistent",
			"bio": "med fuld energi til det vedvarende.",
			"img": "http://res.cloudinary.com/greenwind/image/upload/v1510680014/Sebastian_Borst_250_xbkxtj.jpg"
		},
		{
			"name": "Emanuel Fätke",
			"job": "Assistent teknisk driftsledelse",
			"bio": "med hav-erfaring og wing-knowhow.",
			"img": "http://res.cloudinary.com/greenwind/image/upload/v1510680014/Emanuel_Faetke_250_ws36ge.jpg"

		}
	]
}
