{
	"t1": "Unser Team\nVolle Kraft voraus!",
	"t2": "Es gibt viele gute Gründe, sich in Sachen Technisches Management für Green Wind Offshore zu entscheiden. Jedes Mitglied unseres Teams ist ein guter Grund. Und alle zusammen sind wir mehr als die Summe einzelner. Unsere Devise: Volle Kraft voraus!",

	"team": [
		{
			"name": "Manuel Lasse",
			"job": "Geschäftsführer",
			"bio": "seit 2006 mit voller Kraft voraus in Sachen Windenergie.",
			"img": "http://res.cloudinary.com/greenwind/image/upload/v1505142196/Manu_Lasse_250_wmmhuo.jpg"
		},
		{
			"name": "Peter-Heinrich Boysen",
			"job": "Technischer Leiter",
			"bio": "zielstrebig zu Wasser und zu Land.",
			"img": "http://res.cloudinary.com/greenwind/image/upload/v1505142196/Peter_Heinrich_Boysen_250_k7xei3.jpg"
		},
		{
			"name": "Andreas Texheimer",
			"job": "Leiter QM/HSE",
			"bio": "mit Genauigkeit und dem Fokus auf Safety first.",
			"img": "http://res.cloudinary.com/greenwind/image/upload/v1524735803/andreas_texheimer_250_hauqen.jpg"
		},
		{
			"name": "Rico Kaatz",
			"job": "Projektingenieur CMMS",
			"bio": "immer erneuerbar unterwegs.",
			"img": "http://res.cloudinary.com/greenwind/image/upload/v1505142196/Rico_Kaatz_250_jxgxfh.jpg"
		},
		{
			"name": "Fabio da Fonseca Bola",
			"job": "Projektingenieur CMMS",
			"bio": "frisches Windwissen direkt von der Hochschule.",
			"img": "http://res.cloudinary.com/greenwind/image/upload/v1505142196/Fabio_da_Fonseca_Bola_250_cy5eo9.jpg"
		},
		{
			"name": "Sebastian Borst",
			"job": "Teamassistent",
			"bio": "mit voller Energie für die Regenerativen.",
			"img": "http://res.cloudinary.com/greenwind/image/upload/v1510680014/Sebastian_Borst_250_xbkxtj.jpg"
		},
		{
			"name": "Emanuel Fätke",
			"job": "Assistent technische Betriebsführung",
			"bio": "mit Meer-Erfahrung und Wing-Know-how.",
			"img": "http://res.cloudinary.com/greenwind/image/upload/v1510680014/Emanuel_Faetke_250_ws36ge.jpg"
		},
		{
			"name": "Enrico Berger",
			"job": "Technical Manager/Leitwarte",
			"bio": "behält den Überblick über die elektrischen Parameter.",
			"img": "https://res.cloudinary.com/greenwind/image/upload/v1530006279/Enrico_Berger_250_dpusez.jpg"
		}
	]
}
