{
	"t1": "Our team\nOne for all. All for you!",
	"t2": "There are many good reasons for deciding in favour of Greenwind’s project development. Each member of our team is a good reason. And all together, we are more than the sum of individuals.",

	"team": [
		{
			"name": "Manuel Lasse",
			"job": "Company management",
			"bio": "studied Environmental Engineering and Renewable Energy and has been involved in the wind power business since 2006.",
			"img": "http://res.cloudinary.com/greenwind/image/upload/v1505141767/Manu_Lasse_250_nvxkgv.jpg"

		},
		{
			"name": "Andreas Texheimer",
			"job": "Head of QM/HSE",
			"bio": "focussing precisely on safety first.",
			"img": "http://res.cloudinary.com/greenwind/image/upload/v1524735803/andreas_texheimer_250_hauqen.jpg"

		},
		{
			"name": "Dietmar Mahler",
			"job": "Project development",
			"bio": "in personal contact with the people on-site.",
			"img": "http://res.cloudinary.com/greenwind/image/upload/v1505141768/Dietmar_Mahler_250_ljvlzb.jpg"

		},
		{
			"name": "Franziska Brüll",
			"job": "Head of technical management",
			"bio": "who views the integrated whole.",
			"img": "http://res.cloudinary.com/greenwind/image/upload/v1505141767/Franziska_Bruell_250_qeonht.jpg"

		},
		{
			"name": "Anne Pfannes",
			"job": "Project financing",
			"bio": "with a meticulous sense for figures and new ideas.",
			"img": "http://res.cloudinary.com/greenwind/image/upload/v1505141768/Anne_Pfannes_250_woqu6v.jpg"

		},
		{
			"name": "Max Horn",
			"job": "Technical operating management",
			"bio": "with enthusiasm for regenerative energy.",
			"img": "http://res.cloudinary.com/greenwind/image/upload/v1505141768/Max_Horn_250_vynxjk.jpg"

		},
		{
			"name": "Robert Kadereit",
			"job": "Technical operating management / control room",
			"bio": "at the heart of the action in no time at all.",
			"img": "http://res.cloudinary.com/greenwind/image/upload/v1505141769/Robert_Kadereit_250_n1shkm.jpg"

		},
		{
			"name": "Jasmin Eichner",
			"job": "Accountancy",
			"bio": "with a fresh outlook and the right attitude.",
			"img": "http://res.cloudinary.com/greenwind/image/upload/v1505141769/Jasmin_Horstkoetterr_250_i9fwoh.jpg"

		},
		{
			"name": "Philipp Grytz",
			"job": "Technical Operations, Groß Pankow regional office",
			"bio": "always at the forefront of technical possibilities.",
			"img": "http://res.cloudinary.com/greenwind/image/upload/v1505141768/Philipp_Grytz_250_feghaw.jpg"

		},
		{
			"name": "Michael Walther-Schwartz",
			"job": "Technical Operations, Groß Pankow regional office",
			"bio": "for any challenge.",
			"img": "http://res.cloudinary.com/greenwind/image/upload/v1505141768/Michael_Witschas_250_mmlrqh.jpg"
		},
		{
			"name": "Kevin Schäch",
			"job": "Technical management assistant",
			"bio": "flying high with (wind-)energy.",
			"img": "http://res.cloudinary.com/greenwind/image/upload/v1510680014/Kevin_Schaech_250_sxde3o.jpg"
		},
		{
			"name": "Sandra Zanzig",
			"job": "Technical management assistant",
			"bio": "naturally hungry for knowledge.",
			"img": "http://res.cloudinary.com/greenwind/image/upload/v1510680014/Sandra_Zanzig_250_owtiok.jpg"

		}
	]
}
