{


  "t0": "Services",
  "t0n": "Green Wind Operations provides full support in operational management. \nFind out more about our:\n\n• Control centre 24/7\n• Technical operational management\n• Commercial operating management\n• Repowering vs. optimisation",


  "t1": "Control Centre 24/7",
  "t2": "All operating procedures of wind farms and substations are mapped 24/7 in our control centres. The main control centre and heart of operations is in Berlin. We document, systemise, monitor and control plant operations and plant conditions. This enables optimal guiding and efficient use of all operating teams and their activities. All core processes are monitored and coordinated centrally – 24 hours a day, seven days a week.\n\nEffective and safe.",


  "t3": "",
  "t4": "Technical Management",
  "t5": "",
  "t6": "",
  "sections1": [
    {
      "title": "Checking what’s going on",
      "p": "We regularly inspect the installations: from the elevator car to the power house, and very carefully document whether the inspection intervals and the maintenance routines have been observed. This includes the half-yearly on-site inspection of the complete WPP. Thanks to the customer's own internet portal, our clients are up-dated on all the processes, individual reports and personal reporting."
    },
    {
      "title": "Precise and to the point",
      "p": "We only obtain optimal results when there is a complete integration of on-site technical work, the evaluation of data, expert’s reports and inspections, when tenders are obtained as well as detailed investigations of the installation assembled. Only then can the technical management develop its full power. With this in mind, Green Wind Operations coordinates both internal and external operations managers in the whole of Germany and the neighbouring countries, creates unified structures and concentrates the flow of information."
    },
    {
      "title": "Round the clock monitoring",
      "p": "For data monitoring we use Drehpunkt´s reliable software ROTORSOFT and Softenergy´s WIS, i.e.:\n\n• 24 hour real-time monitoring of the wind power plants\n• Software-based interface for commercial operating management \n• Ideal prerequisites for electricity trading\n\nThe individual reporting is tailored to your portfolio via monthly and yearly reports. In addition to this, we compile commercial operating management reports."
    },
    {
      "title": "Monitoring external services",
      "p": "Trust is fine, but control is much better! The external service provider’s work is continuously monitored andcontractual arrangements and billing are scrutinized. We organise and implement incidental provisions according to the BiMSchG (Federal Law for Emission Control)."
    }
  ],

  "t9": "Commercial Operating Management",
  "t10": "Commercial operating management at Green Wind means that all disruptive factors and unnecessary costs have to be eliminated to guarantee a continuously flowing financial activity and in order to obtain the best possible income. We can analyse the entire portfolio with respect to existing contracts and submit proposals for an expedient contract structure; e.g. optimise maintenance contracts, well in advance.",
  "sections2": [
    {
      "title": "Optimising facts",
      "p": "The heart of commercial operating management is a watertight accountancy together with transaction payment processing. Moreover, our financial management optimises the accountancy process such that it is tailored to the operating of each individual plant and adapted to the specific financial structures and tax circumstances. Our employees compute the best plant efficiency and ensure trouble-free invoicing as well as the distribution of feed-in revenues."
    },
    {
      "title": "Planning and controlling processes",
      "p": "To plan and control these processes, we employ our latest knowledge concerning liquidity and budget planning, invoicing GSM-outages, direct marketing, commercial due diligence etc. And all this is based on direct contact with the client."
    }
  ],

  "t11": "Repowering vs. Optimisation",
  "t12": "The technological development of wind power plants has made tremendous advances in recent years - with regard to both efficiency, environmental sustainability as well as capabilities of optimally using different wind-power sites. Our operating managers have detailed knowledge of the plants and provide suggestions on operational optimisation or even repowering measures.",
  "sections3": [
    {
      "title": "A further 20 years‘ runtime",
      "p": "For many wind-power projects which were installed more than ten years ago, repowering is worthwhile - that is, an older and smaller plant is replaced by a new installation. The service life of an existing project can thus be extended by a further 20 years and the efficiency can be increased three- to five-fold. An investment can be quickly redeemed."
    },
    {
      "title": "Is repowering worthwhile?",
      "p": "We see it as our responsibility to proactively suggest repowering and to competently ascertain whether repowering is actually worthwhile. The operator has only then to decide, once all the facts are available."
    },
    {
      "title": "Project development with our partner",
      "p": "Our partner company Green Wind Energy GmbH provides support during the implementation of a repowering measure – from the preliminary investigations and the statutory approval procedures via implementation to  operation. Green Wind Energy and its partners have developed wind farms in the region and managed repowering projects for many years. If desired, Green Wind Operations GmbH can subsequently smoothly assume the technical and commercial operating management with our usual high quality."
    }
  ]
}
